<?xml version="1.0" encoding="UTF-8"?>
<project xmlns="http://maven.apache.org/POM/4.0.0" xmlns:xsi="http://www.w3.org/2001/XMLSchema-instance" xsi:schemaLocation="http://maven.apache.org/POM/4.0.0 http://maven.apache.org/maven-v4_0_0.xsd">
  <modelVersion>4.0.0</modelVersion>
  <groupId>com.github.splunk.kafka.connect</groupId>
  <artifactId>splunk-kafka-connect</artifactId>
  <name>splunk-kafka-connect</name>
  <version>v1.0.0-LAR</version>
  <build>
    <plugins>
      <plugin>
        <artifactId>maven-shade-plugin</artifactId>
        <version>3.1.0</version>
        <executions>
          <execution>
            <phase>package</phase>
            <goals>
              <goal>shade</goal>
            </goals>
            <configuration>
              <artifactSet>
                <excludes>
                  <exclude>org.apache.kafka:kafka-clients</exclude>
                </excludes>
              </artifactSet>
            </configuration>
          </execution>
        </executions>
        <configuration />
      </plugin>
      <plugin>
        <artifactId>maven-compiler-plugin</artifactId>
        <version>3.7.0</version>
        <configuration>
          <source>${java.version}</source>
          <target>${java.version}</target>
          <compilerArgument>-Xlint:all</compilerArgument>
          <showWarnings>true</showWarnings>
          <showDeprecation>true</showDeprecation>
        </configuration>
      </plugin>
      <plugin>
        <artifactId>maven-checkstyle-plugin</artifactId>
        <version>2.17</version>
        <executions>
          <execution>
            <id>validate</id>
            <phase>validate</phase>
            <goals>
              <goal>check</goal>
            </goals>
            <configuration>
              <configLocation>google_checks.xml</configLocation>
            </configuration>
          </execution>
        </executions>
      </plugin>
      <plugin>
        <groupId>org.jacoco</groupId>
        <artifactId>jacoco-maven-plugin</artifactId>
        <version>0.7.9</version>
        <executions>
          <execution>
            <id>pre-unit-test</id>
            <goals>
              <goal>prepare-agent</goal>
            </goals>
            <configuration>
              <destFile>${project.build.directory}/coverage-reports/jacoco-ut.exec</destFile>
              <propertyName>surefireArgLine</propertyName>
            </configuration>
          </execution>
          <execution>
            <id>post-unit-test</id>
            <phase>test</phase>
            <goals>
              <goal>report</goal>
            </goals>
            <configuration>
              <dataFile>${project.build.directory}/coverage-reports/jacoco-ut.exec</dataFile>
              <outputDirectory>${project.build.directory}/coverage-reports/jacoco-ut</outputDirectory>
            </configuration>
          </execution>
        </executions>
        <configuration>
          <excludes>
            <exclude>**/*com/splunk/hecclient/examples/**/*</exclude>
          </excludes>
        </configuration>
      </plugin>
      <plugin>
        <artifactId>maven-surefire-plugin</artifactId>
        <version>2.19.1</version>
        <dependencies>
          <dependency>
            <groupId>org.junit.platform</groupId>
            <artifactId>junit-platform-surefire-provider</artifactId>
            <version>${junit.platform.version}</version>
          </dependency>
        </dependencies>
        <configuration>
          <argLine>${surefireArgLine}</argLine>
          <skipTests>${skip.unit.tests}</skipTests>
          <useFile>false</useFile>
          <includes>
            <include>**/Test*.java</include>
            <include>**/*Test.java</include>
            <include>**/*Tests.java</include>
            <include>**/*TestCase.java</include>
          </includes>
          <properties>
            <excludeTags>slow</excludeTags>
          </properties>
        </configuration>
      </plugin>
    </plugins>
  </build>
  <dependencies>
    <dependency>
      <groupId>com.fasterxml.jackson.core</groupId>
      <artifactId>jackson-core</artifactId>
      <version>2.9.5</version>
      <scope>provided</scope>
    </dependency>
    <dependency>
      <groupId>com.fasterxml.jackson.core</groupId>
      <artifactId>jackson-databind</artifactId>
      <version>2.9.5</version>
      <scope>provided</scope>
      <exclusions>
        <exclusion>
          <artifactId>jackson-annotations</artifactId>
          <groupId>com.fasterxml.jackson.core</groupId>
        </exclusion>
      </exclusions>
    </dependency>
    <dependency>
      <groupId>org.apache.kafka</groupId>
      <artifactId>connect-api</artifactId>
      <version>1.1.0</version>
      <scope>provided</scope>
      <exclusions>
        <exclusion>
          <artifactId>kafka-clients</artifactId>
          <groupId>org.apache.kafka</groupId>
        </exclusion>
      </exclusions>
    </dependency>
    <dependency>
      <groupId>org.junit.jupiter</groupId>
      <artifactId>junit-jupiter-api</artifactId>
      <version>5.0.1</version>
      <scope>test</scope>
      <exclusions>
        <exclusion>
          <artifactId>opentest4j</artifactId>
          <groupId>org.opentest4j</groupId>
        </exclusion>
        <exclusion>
          <artifactId>junit-platform-commons</artifactId>
          <groupId>org.junit.platform</groupId>
        </exclusion>
      </exclusions>
    </dependency>
    <dependency>
      <groupId>junit</groupId>
      <artifactId>junit</artifactId>
      <version>4.12</version>
      <scope>test</scope>
      <exclusions>
        <exclusion>
          <artifactId>hamcrest-core</artifactId>
          <groupId>org.hamcrest</groupId>
        </exclusion>
      </exclusions>
    </dependency>
    <dependency>
      <groupId>org.junit.platform</groupId>
      <artifactId>junit-platform-launcher</artifactId>
      <version>1.0.1</version>
      <scope>test</scope>
      <exclusions>
        <exclusion>
          <artifactId>junit-platform-engine</artifactId>
          <groupId>org.junit.platform</groupId>
        </exclusion>
      </exclusions>
    </dependency>
    <dependency>
      <groupId>org.junit.jupiter</groupId>
      <artifactId>junit-jupiter-engine</artifactId>
      <version>5.0.1</version>
      <scope>test</scope>
      <exclusions>
        <exclusion>
          <artifactId>junit-platform-engine</artifactId>
          <groupId>org.junit.platform</groupId>
        </exclusion>
      </exclusions>
    </dependency>
    <dependency>
      <groupId>org.junit.vintage</groupId>
      <artifactId>junit-vintage-engine</artifactId>
      <version>4.12.1</version>
      <scope>test</scope>
      <exclusions>
        <exclusion>
          <artifactId>junit-platform-engine</artifactId>
          <groupId>org.junit.platform</groupId>
        </exclusion>
      </exclusions>
    </dependency>
    <dependency>
      <groupId>commons-logging</groupId>
      <artifactId>commons-logging</artifactId>
      <version>1.2</version>
      <scope>provided</scope>
    </dependency>
    <dependency>
      <groupId>commons-codec</groupId>
      <artifactId>commons-codec</artifactId>
      <version>1.11</version>
      <scope>provided</scope>
    </dependency>
    <dependency>
      <groupId>org.slf4j</groupId>
      <artifactId>slf4j-simple</artifactId>
      <version>1.7.25</version>
      <scope>test</scope>
    </dependency>
    <dependency>
      <groupId>org.slf4j</groupId>
      <artifactId>slf4j-api</artifactId>
      <version>1.7.25</version>
      <scope>provided</scope>
    </dependency>
    <dependency>
      <groupId>org.apiguardian</groupId>
      <artifactId>apiguardian-api</artifactId>
      <version>1.0.0</version>
      <scope>test</scope>
    </dependency>
    <dependency>
      <groupId>org.apache.commons</groupId>
      <artifactId>commons-lang3</artifactId>
      <version>3.7</version>
      <scope>provided</scope>
    </dependency>
  </dependencies>
  <reporting>
    <plugins>
      <plugin>
        <artifactId>maven-jxr-plugin</artifactId>
        <version>2.3</version>
      </plugin>
    </plugins>
  </reporting>
  <properties>
    <junit.platform.version>1.0.1</junit.platform.version>
    <java.version>1.8</java.version>
    <junit.vintage.version>${junit.version}.1</junit.vintage.version>
    <junit.jupiter.version>5.0.1</junit.jupiter.version>
    <maven.compiler.source>1.8</maven.compiler.source>
    <project.build.sourceEncoding>UTF-8</project.build.sourceEncoding>
    <maven.compiler.target>1.8</maven.compiler.target>
    <junit.version>4.12</junit.version>
  </properties>
</project>

